,date,state,positive,negative,positiveIncrease,negativeIncrease,death,deathIncrease,totalTestResultsIncrease,totalTestResults,recovered,Percentage,Active Cases
18,2020-08-30,KS,41048.0,362099.0,0,0,443.0,0,0,403147.0,1658.0,0.00%,38947.0
34,2020-08-30,NJ,191611.0,2644723.0,291,28296,15937.0,4,28587,2836334.0,33893.0,1.02%,141781.0
74,2020-08-29,KS,41048.0,362099.0,0,0,443.0,0,0,403147.0,1658.0,0.00%,38947.0
90,2020-08-29,NJ,191320.0,2616427.0,349,58204,15933.0,3,58553,2807747.0,33827.0,0.60%,141560.0
130,2020-08-28,KS,41048.0,362099.0,1111,6939,443.0,6,8050,403147.0,1658.0,13.80%,38947.0
146,2020-08-28,NJ,190971.0,2558223.0,358,0,15930.0,9,358,2749194.0,33778.0,100.00%,141263.0
186,2020-08-27,KS,39937.0,355160.0,0,0,437.0,0,0,395097.0,1624.0,0.00%,37876.0
202,2020-08-27,NJ,190613.0,2558223.0,307,26945,15921.0,7,27252,2748836.0,33744.0,1.13%,140948.0
242,2020-08-26,KS,39937.0,355160.0,1536,6604,437.0,11,8140,395097.0,1624.0,18.87%,37876.0
258,2020-08-26,NJ,190306.0,2531278.0,285,23404,15914.0,10,23689,2721584.0,33692.0,1.20%,140700.0
298,2020-08-25,KS,38401.0,348556.0,0,0,426.0,0,0,386957.0,1535.0,0.00%,36440.0
314,2020-08-25,NJ,190021.0,2507874.0,302,20781,15904.0,4,21083,2697895.0,33646.0,1.43%,140471.0
354,2020-08-24,KS,38401.0,348556.0,1545,19097,426.0,7,20642,386957.0,1535.0,7.48%,36440.0
370,2020-08-24,NJ,189719.0,2487093.0,225,27589,15900.0,3,27814,2676812.0,33626.0,0.81%,140193.0
410,2020-08-23,KS,36856.0,329459.0,0,0,419.0,0,0,366315.0,1520.0,0.00%,34917.0
426,2020-08-23,NJ,189494.0,2459504.0,258,0,15897.0,3,258,2648998.0,33615.0,100.00%,139982.0
466,2020-08-22,KS,36856.0,329459.0,0,0,419.0,0,0,366315.0,1520.0,0.00%,34917.0
482,2020-08-22,NJ,189236.0,2459504.0,419,32629,15894.0,2,33048,2648740.0,33555.0,1.27%,139787.0
522,2020-08-21,KS,36856.0,329459.0,966,5509,419.0,8,6475,366315.0,1520.0,14.92%,34917.0
538,2020-08-21,NJ,188817.0,2426875.0,290,30195,15892.0,9,30485,2615692.0,33533.0,0.95%,139392.0
578,2020-08-20,KS,35890.0,323950.0,0,0,411.0,0,0,359840.0,1472.0,0.00%,34007.0
594,2020-08-20,NJ,188527.0,2396680.0,100,27395,15883.0,6,27495,2585207.0,33490.0,0.36%,139154.0
634,2020-08-19,KS,35890.0,323950.0,723,4855,411.0,6,5578,359840.0,1472.0,12.96%,34007.0
650,2020-08-19,NJ,188427.0,2369285.0,329,24638,15877.0,11,24967,2557712.0,33451.0,1.32%,139099.0
690,2020-08-18,KS,35167.0,319095.0,0,0,405.0,0,0,354262.0,1409.0,0.00%,33353.0
706,2020-08-18,NJ,188098.0,2344647.0,331,21344,15866.0,10,21675,2532745.0,33403.0,1.53%,138829.0
746,2020-08-17,KS,35167.0,319095.0,1282,9937,405.0,3,11219,354262.0,1409.0,11.43%,33353.0
762,2020-08-17,NJ,187767.0,2323303.0,312,20572,15856.0,4,20884,2511070.0,33381.0,1.49%,138530.0
802,2020-08-16,KS,33885.0,309158.0,0,0,402.0,0,0,343043.0,1399.0,0.00%,32084.0
818,2020-08-16,NJ,187455.0,2302731.0,13,28790,15852.0,2,28803,2490186.0,33320.0,0.05%,138283.0
858,2020-08-15,KS,33885.0,309158.0,0,0,402.0,0,0,343043.0,1399.0,0.00%,32084.0
874,2020-08-15,NJ,187442.0,2273941.0,278,31264,15850.0,7,31542,2461383.0,33264.0,0.88%,138328.0
914,2020-08-14,KS,33885.0,309158.0,1338,7142,402.0,7,8480,343043.0,1399.0,15.78%,32084.0
930,2020-08-14,NJ,187164.0,2242677.0,570,25581,15843.0,10,26151,2429841.0,33223.0,2.18%,138098.0
970,2020-08-13,KS,32547.0,302016.0,0,0,395.0,0,0,334563.0,1367.0,0.00%,30785.0
986,2020-08-13,NJ,186594.0,2217096.0,656,27018,15833.0,8,27674,2403690.0,33223.0,2.37%,137538.0
1026,2020-08-12,KS,32547.0,302016.0,817,7077,395.0,8,7894,334563.0,1367.0,10.35%,30785.0
1042,2020-08-12,NJ,185938.0,2190078.0,463,25243,15825.0,9,25706,2376016.0,33223.0,1.80%,136890.0
1082,2020-08-11,KS,31730.0,294939.0,0,0,387.0,0,0,326669.0,1319.0,0.00%,30024.0
1098,2020-08-11,NJ,185475.0,2164835.0,444,25820,15816.0,12,26264,2350310.0,33223.0,1.69%,136436.0
1138,2020-08-10,KS,31730.0,294939.0,1092,9065,387.0,7,10157,326669.0,1319.0,10.75%,30024.0
1154,2020-08-10,NJ,185031.0,2139015.0,258,21936,15804.0,4,22194,2324046.0,33013.0,1.16%,136214.0
1194,2020-08-09,KS,30638.0,285874.0,0,0,380.0,0,0,316512.0,1293.0,0.00%,28965.0
1210,2020-08-09,NJ,184773.0,2117079.0,344,48716,15800.0,5,49060,2301852.0,32977.0,0.70%,135996.0
1250,2020-08-08,KS,30638.0,285874.0,0,0,380.0,0,0,316512.0,1293.0,0.00%,28965.0
1266,2020-08-08,NJ,184429.0,2068363.0,368,-368,15795.0,9,0,2252792.0,32956.0,inf%,135678.0
1306,2020-08-07,KS,30638.0,285874.0,921,6873,380.0,12,7794,316512.0,1293.0,11.82%,28965.0
1322,2020-08-07,NJ,184061.0,2068731.0,360,22187,15786.0,11,22547,2252792.0,32956.0,1.60%,135319.0
1362,2020-08-06,KS,29717.0,279001.0,0,0,368.0,0,0,308718.0,1254.0,0.00%,28095.0
1378,2020-08-06,NJ,183701.0,2046544.0,374,42853,15775.0,7,43227,2230245.0,32811.0,0.87%,135115.0
1418,2020-08-05,KS,29717.0,279001.0,841,6038,368.0,3,6879,308718.0,1254.0,12.23%,28095.0
1434,2020-08-05,NJ,183327.0,2003691.0,357,21725,15768.0,7,22082,2187018.0,32749.0,1.62%,134810.0
1474,2020-08-04,KS,28876.0,272963.0,0,0,365.0,0,0,301839.0,1196.0,0.00%,27315.0
1490,2020-08-04,NJ,182970.0,1981966.0,356,0,15761.0,11,356,2164936.0,32697.0,100.00%,134512.0
1530,2020-08-03,KS,28876.0,272963.0,1064,8268,365.0,7,9332,301839.0,1196.0,11.40%,27315.0
1546,2020-08-03,NJ,182614.0,1981966.0,264,18438,15750.0,10,18702,2164580.0,32660.0,1.41%,134204.0
1586,2020-08-02,KS,27812.0,264695.0,0,0,358.0,0,0,292507.0,1178.0,0.00%,26276.0
1602,2020-08-02,NJ,182350.0,1963528.0,321,48859,15740.0,6,49180,2145878.0,32475.0,0.65%,134135.0
1642,2020-08-01,KS,27812.0,264695.0,0,0,358.0,0,0,292507.0,1178.0,0.00%,26276.0
1658,2020-08-01,NJ,182029.0,1914669.0,369,0,15734.0,12,369,2096698.0,32475.0,100.00%,133820.0
1698,2020-07-31,KS,27812.0,264695.0,942,6616,358.0,9,7558,292507.0,1178.0,12.46%,26276.0
1714,2020-07-31,NJ,181660.0,1914669.0,690,36075,15722.0,11,36765,2096329.0,32475.0,1.88%,133463.0
1754,2020-07-30,KS,26870.0,258079.0,0,0,349.0,0,0,284949.0,1149.0,0.00%,25372.0
1770,2020-07-30,NJ,180970.0,1878594.0,204,16678,15711.0,11,16882,2059564.0,32423.0,1.21%,132836.0
1810,2020-07-29,KS,26870.0,258079.0,698,5315,349.0,14,6013,284949.0,1149.0,11.61%,25372.0
1826,2020-07-29,NJ,180766.0,1861916.0,471,57907,15700.0,18,58378,2042682.0,32365.0,0.81%,132701.0
1866,2020-07-28,KS,26172.0,252764.0,0,0,335.0,0,0,278936.0,1108.0,0.00%,24729.0
1882,2020-07-28,NJ,180295.0,1804009.0,483,-20,15682.0,22,463,1984304.0,32313.0,104.32%,132300.0
1922,2020-07-27,KS,26172.0,252764.0,1063,-94,335.0,9,969,278936.0,1108.0,109.70%,24729.0
1938,2020-07-27,NJ,179812.0,1804029.0,449,30103,15660.0,17,30552,1983841.0,32275.0,1.47%,131877.0
1978,2020-07-26,KS,25109.0,252858.0,0,0,326.0,0,0,277967.0,1077.0,0.00%,23706.0
1994,2020-07-26,NJ,179363.0,1773926.0,505,64627,15643.0,12,65132,1953289.0,32133.0,0.78%,131587.0
2034,2020-07-25,KS,25109.0,252858.0,0,0,326.0,0,0,277967.0,1077.0,0.00%,23706.0
2050,2020-07-25,NJ,178858.0,1709299.0,513,0,15631.0,11,513,1888157.0,32061.0,100.00%,131166.0
2090,2020-07-24,KS,25109.0,252858.0,1005,8276,326.0,18,9281,277967.0,1077.0,10.83%,23706.0
2106,2020-07-24,NJ,178345.0,1709299.0,458,27548,15620.0,35,28006,1887644.0,32001.0,1.64%,130724.0
2146,2020-07-23,KS,24104.0,244582.0,0,0,308.0,0,0,268686.0,1050.0,0.00%,22746.0
2162,2020-07-23,NJ,177887.0,1681751.0,242,18467,15585.0,23,18709,1859638.0,31925.0,1.29%,130377.0
2202,2020-07-22,KS,24104.0,244582.0,770,6385,308.0,1,7155,268686.0,1050.0,10.76%,22746.0
2218,2020-07-22,NJ,177645.0,1663284.0,389,22585,15562.0,24,22974,1840929.0,31850.0,1.69%,130233.0
2258,2020-07-21,KS,23334.0,238197.0,0,0,307.0,0,0,261531.0,1016.0,0.00%,22011.0
2274,2020-07-21,NJ,177256.0,1640699.0,293,14788,15538.0,22,15081,1817955.0,31781.0,1.94%,129937.0
2314,2020-07-20,KS,23334.0,238197.0,1369,10809,307.0,8,12178,261531.0,1016.0,11.24%,22011.0
2330,2020-07-20,NJ,176963.0,1625911.0,180,11557,15516.0,10,11737,1802874.0,31448.0,1.53%,129999.0
2370,2020-07-19,KS,21965.0,227388.0,0,0,299.0,0,0,249353.0,983.0,0.00%,20683.0
2386,2020-07-19,NJ,176783.0,1614354.0,-31,9718,15506.0,8,9687,1791137.0,31405.0,-0.32%,129872.0
2426,2020-07-18,KS,21965.0,227388.0,0,0,299.0,0,0,249353.0,983.0,0.00%,20683.0
2442,2020-07-18,NJ,176814.0,1604636.0,263,12259,15498.0,15,12522,1781450.0,31400.0,2.10%,129916.0
2482,2020-07-17,KS,21965.0,227388.0,1032,8947,299.0,0,9979,249353.0,983.0,10.34%,20683.0
2498,2020-07-17,NJ,176551.0,1592377.0,50,8974,15483.0,19,9024,1768928.0,31400.0,0.55%,129668.0
2538,2020-07-16,KS,20933.0,218441.0,0,0,299.0,0,0,239374.0,948.0,0.00%,19686.0
2554,2020-07-16,NJ,176501.0,1583403.0,223,17334,15464.0,31,17557,1759904.0,31400.0,1.27%,129637.0
2594,2020-07-15,KS,20933.0,218441.0,875,7324,299.0,11,8199,239374.0,948.0,10.67%,19686.0
2610,2020-07-15,NJ,176278.0,1566069.0,363,20753,15433.0,25,21116,1742347.0,31400.0,1.72%,129445.0
2650,2020-07-14,KS,20058.0,211117.0,0,0,288.0,0,0,231175.0,920.0,0.00%,18850.0
2666,2020-07-14,NJ,175915.0,1545316.0,393,20453,15408.0,22,20846,1721231.0,31318.0,1.89%,129189.0
2706,2020-07-13,KS,20058.0,211117.0,1447,11949,288.0,4,13396,231175.0,920.0,10.80%,18850.0
2722,2020-07-13,NJ,175522.0,1524863.0,224,14557,15386.0,19,14781,1700385.0,31261.0,1.52%,128875.0
2762,2020-07-12,KS,18611.0,199168.0,0,0,284.0,0,0,217779.0,905.0,0.00%,17422.0
2778,2020-07-12,NJ,175298.0,1510306.0,339,23981,15367.0,16,24320,1685604.0,31190.0,1.39%,128741.0
2818,2020-07-11,KS,18611.0,199168.0,0,0,284.0,0,0,217779.0,905.0,0.00%,17422.0
2834,2020-07-11,NJ,174959.0,1486325.0,331,37795,15351.0,46,38126,1661284.0,31092.0,0.87%,128516.0
2874,2020-07-10,KS,18611.0,199168.0,993,8304,284.0,2,9297,217779.0,905.0,10.68%,17422.0
2890,2020-07-10,NJ,174628.0,1448530.0,388,23353,15305.0,31,23741,1623158.0,31014.0,1.63%,128309.0
2930,2020-07-09,KS,17618.0,190864.0,0,0,282.0,0,0,208482.0,879.0,0.00%,16457.0
2946,2020-07-09,NJ,174240.0,1425177.0,201,21368,15274.0,25,21569,1599417.0,30938.0,0.93%,128028.0
2986,2020-07-08,KS,17618.0,190864.0,717,5546,282.0,2,6263,208482.0,879.0,11.45%,16457.0
3002,2020-07-08,NJ,174039.0,1403809.0,161,17554,15249.0,52,17715,1577848.0,30844.0,0.91%,127946.0
3042,2020-07-07,KS,16901.0,185318.0,0,0,280.0,0,0,202219.0,859.0,0.00%,15762.0
3058,2020-07-07,NJ,173878.0,1386255.0,267,10657,15197.0,53,10924,1560133.0,30774.0,2.44%,127907.0
3098,2020-07-06,KS,16901.0,185318.0,982,9676,280.0,3,10658,202219.0,859.0,9.21%,15762.0
3114,2020-07-06,NJ,173611.0,1375598.0,209,14360,15144.0,19,14569,1549209.0,30729.0,1.43%,127738.0
3154,2020-07-05,KS,15919.0,175642.0,0,0,277.0,0,0,191561.0,842.0,0.00%,14800.0
3170,2020-07-05,NJ,173402.0,1361238.0,369,25723,15125.0,22,26092,1534640.0,30660.0,1.41%,127617.0
3210,2020-07-04,KS,15919.0,175642.0,0,0,277.0,0,0,191561.0,842.0,0.00%,14800.0
3226,2020-07-04,NJ,173033.0,1335515.0,291,22756,15103.0,25,23047,1508548.0,30565.0,1.26%,127365.0
3266,2020-07-03,KS,15919.0,175642.0,929,7459,277.0,5,8388,191561.0,842.0,11.08%,14800.0
3282,2020-07-03,NJ,172742.0,1312759.0,386,21202,15078.0,58,21588,1485501.0,30464.0,1.79%,127200.0
3322,2020-07-02,KS,14990.0,168183.0,0,0,272.0,0,0,183173.0,834.0,0.00%,13884.0
3338,2020-07-02,NJ,172356.0,1291557.0,428,20548,15020.0,27,20976,1463913.0,30383.0,2.04%,126953.0
3378,2020-07-01,KS,14990.0,168183.0,547,5901,272.0,2,6448,183173.0,834.0,8.48%,13884.0
3394,2020-07-01,NJ,171928.0,1271009.0,261,20302,14993.0,43,20563,1442937.0,30300.0,1.27%,126635.0
3434,2020-06-30,KS,14443.0,162282.0,0,0,270.0,0,0,176725.0,794.0,0.00%,13379.0
3450,2020-06-30,NJ,171667.0,1250707.0,395,17995,14950.0,43,18390,1422374.0,30213.0,2.15%,126504.0
3490,2020-06-29,KS,14443.0,162282.0,905,7961,270.0,6,8866,176725.0,794.0,10.21%,13379.0
3506,2020-06-29,NJ,171272.0,1232712.0,90,16061,14907.0,19,16151,1403984.0,30163.0,0.56%,126202.0
3546,2020-06-28,KS,13538.0,154321.0,0,0,264.0,0,0,167859.0,779.0,0.00%,12495.0
3562,2020-06-28,NJ,171182.0,1216651.0,309,20274,14888.0,27,20583,1387833.0,30092.0,1.50%,126202.0
3602,2020-06-27,KS,13538.0,154321.0,0,0,264.0,0,0,167859.0,779.0,0.00%,12495.0
3618,2020-06-27,NJ,170873.0,1196377.0,289,20289,14861.0,36,20578,1367250.0,29967.0,1.40%,126045.0
3658,2020-06-26,KS,13538.0,154321.0,568,5586,264.0,3,6154,167859.0,779.0,9.23%,12495.0
3674,2020-06-26,NJ,170584.0,1176088.0,388,25374,14825.0,43,25762,1346672.0,29855.0,1.51%,125904.0
3714,2020-06-25,KS,12970.0,148735.0,0,0,261.0,0,0,161705.0,747.0,0.00%,11962.0
3730,2020-06-25,NJ,170196.0,1150714.0,304,20961,14782.0,23,21265,1320910.0,29740.0,1.43%,125674.0
3770,2020-06-24,KS,12970.0,148735.0,505,6187,261.0,2,6692,161705.0,747.0,7.55%,11962.0
3786,2020-06-24,NJ,169892.0,1129753.0,158,16036,14759.0,46,16194,1299645.0,29627.0,0.98%,125506.0
3826,2020-06-23,KS,12465.0,142548.0,0,0,259.0,0,0,155013.0,722.0,0.00%,11484.0
3842,2020-06-23,NJ,169734.0,1113717.0,319,15733,14713.0,56,16052,1283451.0,29517.0,1.99%,125504.0
3882,2020-06-22,KS,12465.0,142548.0,406,6958,259.0,5,7364,155013.0,722.0,5.51%,11484.0
3898,2020-06-22,NJ,169415.0,1097984.0,273,22159,14657.0,28,22432,1267399.0,29522.0,1.22%,125236.0
3938,2020-06-21,KS,12059.0,135590.0,0,0,254.0,0,0,147649.0,715.0,0.00%,11090.0
3954,2020-06-21,NJ,169142.0,1075825.0,308,25786,14629.0,15,26094,1244967.0,29450.0,1.18%,125063.0
3994,2020-06-20,KS,12059.0,135590.0,0,0,254.0,0,0,147649.0,715.0,0.00%,11090.0
4010,2020-06-20,NJ,168834.0,1050039.0,338,24192,14614.0,23,24530,1218873.0,29318.0,1.38%,124902.0
4050,2020-06-19,KS,12059.0,135590.0,378,5147,254.0,7,5525,147649.0,715.0,6.84%,11090.0
4066,2020-06-19,NJ,168496.0,1025847.0,389,22220,14591.0,35,22609,1194343.0,29209.0,1.72%,124696.0
4106,2020-06-18,KS,11681.0,130443.0,0,0,247.0,0,0,142124.0,696.0,0.00%,10738.0
4122,2020-06-18,NJ,168107.0,1003627.0,404,23489,14556.0,32,23893,1171734.0,29101.0,1.69%,124450.0
4162,2020-06-17,KS,11681.0,130443.0,262,4900,247.0,2,5162,142124.0,696.0,5.08%,10738.0
4178,2020-06-17,NJ,167703.0,980138.0,277,15782,14524.0,42,16059,1147841.0,28966.0,1.72%,124213.0
4218,2020-06-16,KS,11419.0,125543.0,0,0,245.0,0,0,136962.0,676.0,0.00%,10498.0
4234,2020-06-16,NJ,167426.0,964356.0,323,15376,14482.0,52,15699,1131782.0,28872.0,2.06%,124072.0
4274,2020-06-15,KS,11419.0,125543.0,372,7438,245.0,2,7810,136962.0,676.0,4.76%,10498.0
4290,2020-06-15,NJ,167103.0,948980.0,222,18245,14430.0,52,18467,1116083.0,28819.0,1.20%,123854.0
4330,2020-06-14,KS,11047.0,118105.0,0,0,243.0,0,0,129152.0,667.0,0.00%,10137.0
4346,2020-06-14,NJ,166881.0,930735.0,276,19125,14378.0,37,19401,1097616.0,28714.0,1.42%,123789.0
4386,2020-06-13,KS,11047.0,118105.0,0,0,243.0,0,0,129152.0,667.0,0.00%,10137.0
4402,2020-06-13,NJ,166605.0,911610.0,441,22378,14341.0,103,22819,1078215.0,28606.0,1.93%,123658.0
4442,2020-06-12,KS,11047.0,118105.0,235,5175,243.0,3,5410,129152.0,667.0,4.34%,10137.0
4458,2020-06-12,NJ,166164.0,889232.0,348,24255,14238.0,49,24603,1055396.0,28509.0,1.41%,123417.0
4498,2020-06-11,KS,10812.0,112930.0,0,0,240.0,0,0,123742.0,657.0,0.00%,9915.0
4514,2020-06-11,NJ,165816.0,864977.0,470,21389,14189.0,67,21859,1030793.0,28376.0,2.15%,123251.0
4554,2020-06-10,KS,10812.0,112930.0,162,4071,240.0,4,4233,123742.0,657.0,3.83%,9915.0
4570,2020-06-10,NJ,165346.0,843588.0,550,18887,14122.0,76,19437,1008934.0,28207.0,2.83%,123017.0
4610,2020-06-09,KS,10650.0,108859.0,0,0,236.0,0,0,119509.0,625.0,0.00%,9789.0
4626,2020-06-09,NJ,164796.0,824701.0,299,14109,14046.0,93,14408,989497.0,28036.0,2.08%,122714.0
4666,2020-06-08,KS,10650.0,108859.0,257,5599,236.0,4,5856,119509.0,625.0,4.39%,9789.0
4682,2020-06-08,NJ,164497.0,810592.0,333,14331,13953.0,39,14664,975089.0,27941.0,2.27%,122603.0
4722,2020-06-07,KS,10393.0,103260.0,0,0,232.0,0,0,113653.0,612.0,0.00%,9549.0
4738,2020-06-07,NJ,164164.0,796261.0,271,17138,13914.0,71,17409,960425.0,27824.0,1.56%,122426.0
4778,2020-06-06,KS,10393.0,103260.0,0,0,232.0,0,0,113653.0,612.0,0.00%,9549.0
4794,2020-06-06,NJ,163893.0,779123.0,557,23568,13843.0,58,24125,943016.0,27641.0,2.31%,122409.0
4834,2020-06-05,KS,10393.0,103260.0,223,5377,232.0,10,5600,113653.0,612.0,3.98%,9549.0
4850,2020-06-05,NJ,163336.0,755555.0,806,60356,13785.0,82,61162,918891.0,27433.0,1.32%,122118.0
4890,2020-06-04,KS,10170.0,97883.0,0,0,222.0,0,0,108053.0,592.0,0.00%,9356.0
4906,2020-06-04,NJ,162530.0,695199.0,462,19847,13703.0,95,20309,857729.0,27231.0,2.27%,121596.0
4946,2020-06-03,KS,10170.0,97883.0,159,4582,222.0,5,4741,108053.0,592.0,3.35%,9356.0
4962,2020-06-03,NJ,162068.0,675352.0,523,19220,13608.0,112,19743,837420.0,27008.0,2.65%,121452.0
5002,2020-06-02,KS,10011.0,93301.0,0,8071,217.0,0,8071,103312.0,555.0,0.00%,9239.0
5018,2020-06-02,NJ,161545.0,656132.0,627,21450,13496.0,52,22077,817677.0,26815.0,2.84%,121234.0
5058,2020-06-01,KS,10011.0,85230.0,292,0,217.0,9,292,95241.0,547.0,100.00%,9247.0
5074,2020-06-01,NJ,160918.0,634682.0,473,48982,13444.0,26,49455,795600.0,26703.0,0.96%,120771.0
5114,2020-05-31,KS,9719.0,85230.0,0,0,208.0,0,0,94949.0,547.0,0.00%,8964.0
5130,2020-05-31,NJ,160445.0,585700.0,837,0,13418.0,67,837,746145.0,26560.0,100.00%,120467.0
5170,2020-05-30,KS,9719.0,85230.0,0,0,208.0,0,0,94949.0,547.0,0.00%,8964.0
5186,2020-05-30,NJ,159608.0,585700.0,764,28133,13351.0,106,28897,745308.0,26301.0,2.64%,119956.0
5226,2020-05-29,KS,9719.0,85230.0,382,10079,208.0,3,10461,94949.0,547.0,3.65%,8964.0
5242,2020-05-29,NJ,158844.0,557567.0,1029,29525,13245.0,135,30554,716411.0,26084.0,3.37%,119515.0
5282,2020-05-28,KS,9337.0,75151.0,0,0,205.0,0,0,84488.0,534.0,0.00%,8598.0
5298,2020-05-28,NJ,157815.0,528042.0,1187,24345,13110.0,67,25532,685857.0,25804.0,4.65%,118901.0
5338,2020-05-27,KS,9337.0,75151.0,119,2970,205.0,17,3089,84488.0,534.0,3.85%,8598.0
5354,2020-05-27,NJ,156628.0,503697.0,864,23569,13043.0,151,24433,660325.0,25552.0,3.54%,118033.0
5394,2020-05-26,KS,9218.0,72181.0,0,0,188.0,0,0,81399.0,493.0,0.00%,8537.0
5410,2020-05-26,NJ,155764.0,480128.0,672,11423,12892.0,52,12095,635892.0,25384.0,5.56%,117488.0
5450,2020-05-25,KS,9218.0,72181.0,260,4705,188.0,3,4965,81399.0,493.0,5.24%,8537.0
5466,2020-05-25,NJ,155092.0,468705.0,938,19052,12840.0,15,19990,623797.0,25253.0,4.69%,116999.0
5506,2020-05-24,KS,8958.0,67476.0,0,0,185.0,0,0,76434.0,485.0,0.00%,8288.0
5522,2020-05-24,NJ,154154.0,449653.0,1050,24022,12825.0,54,25072,603807.0,25040.0,4.19%,116289.0
5562,2020-05-23,KS,8958.0,67476.0,0,0,185.0,0,0,76434.0,485.0,0.00%,8288.0
5578,2020-05-23,NJ,153104.0,425631.0,385,23036,12771.0,99,23421,578735.0,24762.0,1.64%,115571.0
5618,2020-05-22,KS,8958.0,67476.0,419,4812,185.0,7,5231,76434.0,485.0,8.01%,8288.0
5634,2020-05-22,NJ,152719.0,402595.0,1247,9793,12672.0,148,11040,555314.0,24491.0,11.30%,115556.0
5674,2020-05-21,KS,8539.0,62664.0,0,0,178.0,0,0,71203.0,473.0,0.00%,7888.0
5690,2020-05-21,NJ,151472.0,392802.0,1073,11858,12524.0,102,12931,544274.0,24236.0,8.30%,114712.0
5730,2020-05-20,KS,8539.0,62664.0,199,4014,178.0,5,4213,71203.0,473.0,4.72%,7888.0
5746,2020-05-20,NJ,150399.0,380944.0,1386,9775,12422.0,168,11161,531343.0,23945.0,12.42%,114032.0
5786,2020-05-19,KS,8340.0,58650.0,0,0,173.0,0,0,66990.0,465.0,0.00%,7702.0
5802,2020-05-19,NJ,149013.0,371169.0,974,13639,12254.0,152,14613,520182.0,23657.0,6.67%,113102.0
5842,2020-05-18,KS,8340.0,58650.0,454,4944,173.0,1,5398,66990.0,465.0,8.41%,7702.0
5858,2020-05-18,NJ,148039.0,357530.0,1705,16299,12102.0,83,18004,505569.0,23496.0,9.47%,112441.0
5898,2020-05-17,KS,7886.0,53706.0,0,0,172.0,0,0,61592.0,443.0,0.00%,7271.0
5914,2020-05-17,NJ,146334.0,341231.0,1245,11096,12019.0,110,12341,487565.0,23299.0,10.09%,111016.0
5954,2020-05-16,KS,7886.0,53706.0,0,0,172.0,0,0,61592.0,443.0,0.00%,7271.0
5970,2020-05-16,NJ,145089.0,330135.0,1184,11068,11909.0,115,12252,475224.0,22939.0,9.66%,110241.0
6010,2020-05-15,KS,7886.0,53706.0,418,3546,172.0,8,3964,61592.0,443.0,10.54%,7271.0
6026,2020-05-15,NJ,143905.0,319067.0,1201,10075,11794.0,197,11276,462972.0,15642.0,10.65%,116469.0
6066,2020-05-14,KS,7468.0,50160.0,0,0,164.0,0,0,57628.0,422.0,0.00%,6882.0
6082,2020-05-14,NJ,142704.0,308992.0,1144,9102,11597.0,253,10246,451696.0,15642.0,11.17%,115465.0
6122,2020-05-13,KS,7468.0,50160.0,352,3167,164.0,6,3519,57628.0,422.0,10.00%,6882.0
6138,2020-05-13,NJ,141560.0,299890.0,817,7573,11344.0,202,8390,441450.0,15642.0,9.74%,114574.0
6178,2020-05-12,KS,7116.0,46993.0,0,0,158.0,0,0,54109.0,376.0,0.00%,6582.0
6194,2020-05-12,NJ,140743.0,292317.0,798,6329,11142.0,212,7127,433060.0,15642.0,11.20%,113959.0
6234,2020-05-11,KS,7116.0,46993.0,168,1436,158.0,1,1604,54109.0,376.0,10.47%,6582.0
6250,2020-05-11,NJ,139945.0,285988.0,1413,112073,10930.0,60,113486,425933.0,15642.0,1.25%,113373.0
6290,2020-05-10,KS,6948.0,45557.0,197,2375,157.0,0,2572,52505.0,371.0,7.66%,6420.0
6306,2020-05-10,NJ,138532.0,173915.0,1447,5794,10870.0,151,7241,312447.0,15642.0,19.98%,112020.0
6346,2020-05-09,KS,6751.0,43182.0,250,1975,157.0,5,2225,49933.0,350.0,11.24%,6244.0
6362,2020-05-09,NJ,137085.0,168121.0,1631,4816,10719.0,177,6447,305206.0,15642.0,25.30%,110724.0
6402,2020-05-08,KS,6501.0,41207.0,357,2529,152.0,5,2886,47708.0,332.0,12.37%,6017.0
6418,2020-05-08,NJ,135454.0,163305.0,1819,4282,10542.0,170,6101,298759.0,15642.0,29.81%,109270.0
6458,2020-05-07,KS,6144.0,38678.0,410,2298,147.0,3,2708,44822.0,323.0,15.14%,5674.0
6474,2020-05-07,NJ,133635.0,159023.0,1745,1993,10372.0,264,3738,292658.0,15642.0,46.68%,107621.0
6514,2020-05-06,KS,5734.0,36380.0,276,1746,144.0,7,2022,42114.0,318.0,13.65%,5272.0
6530,2020-05-06,NJ,131890.0,157030.0,1297,0,10108.0,323,1297,288920.0,15642.0,100.00%,106140.0
6570,2020-05-05,KS,5458.0,34634.0,213,1276,137.0,1,1489,40092.0,296.0,14.30%,5025.0
6586,2020-05-05,NJ,130593.0,157030.0,2324,8079,9785.0,341,10403,287623.0,15642.0,22.34%,105166.0
6626,2020-05-04,KS,5245.0,33358.0,215,1610,136.0,2,1825,38603.0,291.0,11.78%,4818.0
6642,2020-05-04,NJ,128269.0,148951.0,1525,629,9444.0,62,2154,277220.0,15642.0,70.80%,103183.0
6682,2020-05-03,KS,5030.0,31748.0,284,1552,134.0,3,1836,36778.0,286.0,15.47%,4610.0
6698,2020-05-03,NJ,126744.0,148322.0,3027,9727,9382.0,154,12754,275066.0,15642.0,23.73%,101720.0
6738,2020-05-02,KS,4746.0,30196.0,297,1611,131.0,1,1908,34942.0,286.0,15.57%,4329.0
6754,2020-05-02,NJ,123717.0,138595.0,2527,3240,9228.0,227,5767,262312.0,15642.0,43.82%,98847.0
6794,2020-05-01,KS,4449.0,28585.0,211,1197,130.0,1,1408,33034.0,280.0,14.99%,4039.0
6810,2020-05-01,NJ,121190.0,135355.0,2538,6089,9001.0,334,8627,256545.0,15642.0,29.42%,96547.0
6850,2020-04-30,KS,4238.0,27388.0,500,1668,129.0,4,2168,31626.0,272.0,23.06%,3837.0
6866,2020-04-30,NJ,118652.0,129266.0,2388,4212,8667.0,481,6600,247918.0,15642.0,36.18%,94343.0
6906,2020-04-29,KS,3738.0,25720.0,247,1121,125.0,1,1368,29458.0,266.0,18.06%,3347.0
6922,2020-04-29,NJ,116264.0,125054.0,2408,4551,8186.0,349,6959,241318.0,15642.0,34.60%,92436.0
6962,2020-04-28,KS,3491.0,24599.0,163,760,124.0,4,923,28090.0,0.0,17.66%,3367.0
6978,2020-04-28,NJ,113856.0,120503.0,2668,3916,7837.0,428,6584,234359.0,15642.0,40.52%,90377.0
7018,2020-04-27,KS,3328.0,23839.0,154,786,120.0,2,940,27167.0,0.0,16.38%,3208.0
7034,2020-04-27,NJ,111188.0,116587.0,2150,2481,7409.0,139,4631,227775.0,0.0,46.43%,103779.0
7074,2020-04-26,KS,3174.0,23053.0,118,910,118.0,1,1028,26227.0,0.0,11.48%,3056.0
7090,2020-04-26,NJ,109038.0,114106.0,3515,5943,7270.0,101,9458,223144.0,0.0,37.16%,101768.0
7130,2020-04-25,KS,3056.0,22143.0,279,1332,117.0,6,1611,25199.0,0.0,17.32%,2939.0
7146,2020-04-25,NJ,105523.0,108163.0,3327,4397,7169.0,280,7724,213686.0,0.0,43.07%,98354.0
7186,2020-04-24,KS,2777.0,20811.0,295,1975,111.0,-1,2270,23588.0,0.0,13.00%,2666.0
7202,2020-04-24,NJ,102196.0,103766.0,2207,3607,6889.0,279,5814,205962.0,0.0,37.96%,95307.0
7242,2020-04-23,KS,2482.0,18836.0,271,844,112.0,2,1115,21318.0,0.0,24.30%,2370.0
7258,2020-04-23,NJ,99989.0,100159.0,4124,4365,6610.0,332,8489,200148.0,0.0,48.58%,93379.0
7298,2020-04-22,KS,2211.0,17992.0,186,916,110.0,3,1102,20203.0,0.0,16.88%,2101.0
7314,2020-04-22,NJ,95865.0,95794.0,3478,3355,6278.0,343,6833,191659.0,0.0,50.90%,89587.0
7354,2020-04-21,KS,2025.0,17076.0,39,301,107.0,7,340,19101.0,0.0,11.47%,1918.0
7370,2020-04-21,NJ,92387.0,92439.0,3581,3188,5935.0,414,6769,184826.0,0.0,52.90%,86452.0
7410,2020-04-20,KS,1986.0,16775.0,137,494,100.0,8,631,18761.0,0.0,21.71%,1886.0
7426,2020-04-20,NJ,88806.0,89251.0,3505,3864,5521.0,208,7369,178057.0,0.0,47.56%,83285.0
7466,2020-04-19,KS,1849.0,16281.0,59,395,92.0,6,454,18130.0,0.0,13.00%,1757.0
7482,2020-04-19,NJ,85301.0,85387.0,3881,4271,5313.0,171,8152,170688.0,0.0,47.61%,79988.0
7522,2020-04-18,KS,1790.0,15886.0,85,690,86.0,2,775,17676.0,0.0,10.97%,1704.0
7538,2020-04-18,NJ,81420.0,81116.0,2953,2134,5142.0,286,5087,162536.0,0.0,58.05%,76278.0
7578,2020-04-17,KS,1705.0,15196.0,117,662,84.0,4,779,16901.0,0.0,15.02%,1621.0
7594,2020-04-17,NJ,78467.0,78982.0,3150,2469,4856.0,365,5619,157449.0,0.0,56.06%,73611.0
7634,2020-04-16,KS,1588.0,14534.0,94,1360,80.0,4,1454,16122.0,0.0,6.46%,1508.0
7650,2020-04-16,NJ,75317.0,76513.0,4287,3522,4491.0,421,7809,151830.0,0.0,54.90%,70826.0
7690,2020-04-15,KS,1494.0,13174.0,68,453,76.0,7,521,14668.0,0.0,13.05%,1418.0
7706,2020-04-15,NJ,71030.0,72991.0,2206,2041,4070.0,409,4247,144021.0,0.0,51.94%,66960.0
7746,2020-04-14,KS,1426.0,12721.0,50,233,69.0,7,283,14147.0,0.0,17.67%,1357.0
7762,2020-04-14,NJ,68824.0,70950.0,4240,6065,3661.0,411,10305,139774.0,0.0,41.15%,65163.0
7802,2020-04-13,KS,1376.0,12488.0,39,572,62.0,6,611,13864.0,0.0,6.38%,1314.0
7818,2020-04-13,NJ,64584.0,64885.0,2734,0,3250.0,165,2734,129469.0,0.0,100.00%,61334.0
7858,2020-04-12,KS,1337.0,11916.0,69,841,56.0,1,910,13253.0,0.0,7.58%,1281.0
7874,2020-04-12,NJ,61850.0,64885.0,3699,2843,3085.0,240,6542,126735.0,0.0,56.54%,58765.0
7914,2020-04-11,KS,1268.0,11075.0,102,827,55.0,5,929,12343.0,0.0,10.98%,1213.0
7930,2020-04-11,NJ,58151.0,62042.0,3563,3107,2845.0,324,6670,120193.0,0.0,53.42%,55306.0
7970,2020-04-10,KS,1166.0,10248.0,60,579,50.0,8,639,11414.0,0.0,9.39%,1116.0
7986,2020-04-10,NJ,54588.0,58935.0,3561,2770,2521.0,285,6331,113523.0,682.0,56.25%,51385.0
8026,2020-04-09,KS,1106.0,9669.0,60,532,42.0,4,592,10775.0,0.0,10.14%,1064.0
8042,2020-04-09,NJ,51027.0,56165.0,3590,3186,2236.0,267,6776,107192.0,0.0,52.98%,48791.0
8082,2020-04-08,KS,1046.0,9137.0,146,523,38.0,11,669,10183.0,0.0,21.82%,1008.0
8098,2020-04-08,NJ,47437.0,52979.0,3021,2421,1969.0,338,5442,100416.0,0.0,55.51%,45468.0
8138,2020-04-07,KS,900.0,8614.0,55,375,27.0,2,430,9514.0,0.0,12.79%,873.0
8154,2020-04-07,NJ,44416.0,50558.0,3326,2616,1631.0,297,5942,94974.0,0.0,55.97%,42785.0
8194,2020-04-06,KS,845.0,8239.0,98,763,25.0,3,861,9084.0,0.0,11.38%,820.0
8210,2020-04-06,NJ,41090.0,47942.0,3585,3281,1334.0,150,6866,89032.0,0.0,52.21%,39756.0
8250,2020-04-05,KS,747.0,7476.0,49,596,22.0,1,645,8223.0,0.0,7.60%,725.0
8266,2020-04-05,NJ,37505.0,44661.0,3381,3429,1184.0,126,6810,82166.0,0.0,49.65%,36321.0
8306,2020-04-04,KS,698.0,6880.0,78,426,21.0,4,504,7578.0,0.0,15.48%,677.0
8322,2020-04-04,NJ,34124.0,41232.0,4229,3624,1058.0,242,7853,75356.0,0.0,53.85%,33066.0
8362,2020-04-03,KS,620.0,6454.0,68,395,17.0,4,463,7074.0,0.0,14.69%,603.0
8378,2020-04-03,NJ,29895.0,37608.0,4305,4088,816.0,136,8393,67503.0,0.0,51.29%,29079.0
8418,2020-04-02,KS,552.0,6059.0,70,648,13.0,3,718,6611.0,0.0,9.75%,539.0
8434,2020-04-02,NJ,25590.0,33520.0,3335,3133,680.0,205,6468,59110.0,0.0,51.56%,24910.0
8474,2020-04-01,KS,482.0,5411.0,54,415,10.0,1,469,5893.0,0.0,11.51%,472.0
8490,2020-04-01,NJ,22255.0,30387.0,3559,3310,475.0,110,6869,52642.0,0.0,51.81%,21780.0
8530,2020-03-31,KS,428.0,4996.0,60,442,9.0,1,502,5424.0,0.0,11.95%,419.0
8546,2020-03-31,NJ,18696.0,27077.0,2060,1853,365.0,98,3913,45773.0,0.0,52.65%,18331.0
8586,2020-03-30,KS,368.0,4554.0,49,360,8.0,2,409,4922.0,0.0,11.98%,360.0
8602,2020-03-30,NJ,16636.0,25224.0,3250,3008,267.0,49,6258,41860.0,0.0,51.93%,16369.0
8642,2020-03-29,KS,319.0,4194.0,58,523,6.0,1,581,4513.0,0.0,9.98%,313.0
8658,2020-03-29,NJ,13386.0,22216.0,2262,2830,218.0,26,5092,35602.0,0.0,44.42%,13168.0
8698,2020-03-28,KS,261.0,3671.0,59,442,5.0,1,501,3932.0,0.0,11.78%,256.0
8714,2020-03-28,NJ,11124.0,19386.0,2299,2839,192.0,51,5138,30510.0,0.0,44.75%,10932.0
8754,2020-03-27,KS,202.0,3229.0,34,360,4.0,1,394,3431.0,0.0,8.63%,198.0
8770,2020-03-27,NJ,8825.0,16547.0,1949,2886,141.0,32,4835,25372.0,0.0,40.31%,8684.0
8810,2020-03-26,KS,168.0,2869.0,42,509,3.0,0,551,3037.0,0.0,7.62%,165.0
8826,2020-03-26,NJ,6876.0,13661.0,2474,3209,109.0,28,5683,20537.0,0.0,43.53%,6767.0
8866,2020-03-25,KS,126.0,2360.0,28,274,3.0,1,302,2486.0,0.0,9.27%,123.0
8882,2020-03-25,NJ,4402.0,10452.0,727,2127,81.0,21,2854,14854.0,0.0,25.47%,4321.0
8922,2020-03-24,KS,98.0,2086.0,16,1669,2.0,0,1685,2184.0,0.0,0.95%,96.0
8938,2020-03-24,NJ,3675.0,8325.0,831,7966,60.0,20,8797,12000.0,0.0,9.45%,3615.0
8978,2020-03-23,KS,82.0,417.0,18,0,2.0,0,18,499.0,0.0,100.00%,80.0
8994,2020-03-23,NJ,2844.0,359.0,930,32,40.0,11,962,3203.0,0.0,96.67%,2804.0
9034,2020-03-22,KS,64.0,417.0,9,0,2.0,0,9,481.0,0.0,100.00%,62.0
9050,2020-03-22,NJ,1914.0,327.0,587,33,29.0,7,620,2241.0,0.0,94.68%,1885.0
9090,2020-03-21,KS,55.0,417.0,11,0,2.0,1,11,472.0,0.0,100.00%,53.0
9106,2020-03-21,NJ,1327.0,294.0,437,30,22.0,6,467,1621.0,0.0,93.58%,1305.0
9146,2020-03-20,KS,44.0,417.0,10,0,1.0,0,10,461.0,0.0,100.00%,43.0
9162,2020-03-20,NJ,890.0,264.0,148,54,16.0,3,202,1154.0,0.0,73.27%,874.0
9202,2020-03-19,KS,34.0,417.0,18,0,1.0,0,18,451.0,0.0,100.00%,33.0
9218,2020-03-19,NJ,742.0,210.0,315,20,13.0,6,335,952.0,0.0,94.03%,729.0
9258,2020-03-18,KS,16.0,417.0,1,35,1.0,0,36,433.0,0.0,2.78%,15.0
9274,2020-03-18,NJ,427.0,190.0,160,27,7.0,3,187,617.0,0.0,85.56%,420.0
9314,2020-03-17,KS,15.0,382.0,4,216,1.0,0,220,397.0,0.0,1.82%,14.0
9330,2020-03-17,NJ,267.0,163.0,89,43,4.0,2,132,430.0,0.0,67.42%,263.0
9370,2020-03-16,KS,11.0,166.0,3,31,1.0,0,34,177.0,0.0,8.82%,10.0
9386,2020-03-16,NJ,178.0,120.0,80,0,2.0,0,80,298.0,0.0,100.00%,176.0
9424,2020-03-15,KS,8.0,135.0,2,42,1.0,0,44,143.0,0.0,4.55%,7.0
9439,2020-03-15,NJ,98.0,120.0,48,23,2.0,1,71,218.0,0.0,67.61%,96.0
9475,2020-03-14,KS,6.0,93.0,0,0,1.0,1,0,99.0,0.0,0.00%,5.0
9490,2020-03-14,NJ,50.0,97.0,0,0,1.0,0,0,147.0,0.0,0.00%,49.0
9526,2020-03-13,KS,6.0,93.0,2,52,0.0,0,54,99.0,0.0,3.70%,6.0
9541,2020-03-13,NJ,50.0,97.0,20,23,1.0,0,43,147.0,0.0,46.51%,49.0
9577,2020-03-12,KS,4.0,41.0,3,0,0.0,0,3,45.0,0.0,100.00%,4.0
9592,2020-03-12,NJ,30.0,74.0,6,17,1.0,0,23,104.0,0.0,26.09%,29.0
9628,2020-03-11,KS,1.0,41.0,0,24,0.0,0,24,42.0,0.0,0.00%,1.0
9642,2020-03-11,NJ,24.0,57.0,9,13,1.0,1,22,81.0,0.0,40.91%,23.0
9678,2020-03-10,KS,1.0,17.0,0,6,0.0,0,6,18.0,0.0,0.00%,1.0
9692,2020-03-10,NJ,15.0,44.0,4,9,0.0,0,13,59.0,0.0,30.77%,15.0
9728,2020-03-09,KS,1.0,11.0,0,0,0.0,0,0,12.0,0.0,0.00%,1.0
9742,2020-03-09,NJ,11.0,35.0,5,4,0.0,0,9,46.0,0.0,55.56%,11.0
9778,2020-03-08,KS,1.0,11.0,1,0,0.0,0,1,12.0,0.0,100.00%,1.0
9792,2020-03-08,NJ,6.0,31.0,2,31,0.0,0,33,37.0,0.0,6.06%,6.0
9828,2020-03-07,KS,0.0,11.0,0,7,0.0,0,7,11.0,0.0,0.00%,0.0
9842,2020-03-07,NJ,4.0,0.0,3,0,0.0,0,3,4.0,0.0,100.00%,4.0
9874,2020-03-06,KS,0.0,4.0,0,0,0.0,0,0,4.0,0.0,0.00%,0.0
9882,2020-03-06,NJ,1.0,0.0,0,0,0.0,0,0,1.0,0.0,0.00%,1.0
9910,2020-03-05,NJ,1.0,0.0,1,0,0.0,0,1,1.0,0.0,100.00%,1.0
9930,2020-03-04,NJ,0.0,0.0,0,0,0.0,0,0,0.0,0.0,0.00%,0.0
9939,2020-03-03,NJ,0.0,0.0,0,0,0.0,0,0,0.0,0.0,0.00%,0.0
9943,2020-03-02,NJ,0.0,0.0,0,0,0.0,0,0,0.0,0.0,0.00%,0.0
9947,2020-03-01,NJ,0.0,0.0,0,0,0.0,0,0,0.0,0.0,0.00%,0.0
9950,2020-02-29,NJ,0.0,0.0,0,0,0.0,0,0,0.0,0.0,0.00%,0.0
9952,2020-02-28,NJ,0.0,0.0,0,0,0.0,0,0,0.0,0.0,0.00%,0.0
9954,2020-02-27,NJ,0.0,0.0,0,0,0.0,0,0,0.0,0.0,0.00%,0.0
9956,2020-02-26,NJ,0.0,0.0,0,0,0.0,0,0,0.0,0.0,0.00%,0.0
9958,2020-02-25,NJ,0.0,0.0,0,0,0.0,0,0,0.0,0.0,0.00%,0.0
9960,2020-02-24,NJ,0.0,0.0,0,0,0.0,0,0,0.0,0.0,0.00%,0.0
9962,2020-02-23,NJ,0.0,0.0,0,0,0.0,0,0,0.0,0.0,0.00%,0.0
9964,2020-02-22,NJ,0.0,0.0,0,0,0.0,0,0,0.0,0.0,0.00%,0.0
9966,2020-02-21,NJ,0.0,0.0,0,0,0.0,0,0,0.0,0.0,0.00%,0.0
9968,2020-02-20,NJ,0.0,0.0,0,0,0.0,0,0,0.0,0.0,0.00%,0.0
9970,2020-02-19,NJ,0.0,0.0,0,0,0.0,0,0,0.0,0.0,0.00%,0.0
9972,2020-02-18,NJ,0.0,0.0,0,0,0.0,0,0,0.0,0.0,0.00%,0.0
9974,2020-02-17,NJ,0.0,0.0,0,0,0.0,0,0,0.0,0.0,0.00%,0.0
9976,2020-02-16,NJ,0.0,0.0,0,0,0.0,0,0,0.0,0.0,0.00%,0.0
9978,2020-02-15,NJ,0.0,0.0,0,0,0.0,0,0,0.0,0.0,0.00%,0.0
9980,2020-02-14,NJ,0.0,0.0,0,0,0.0,0,0,0.0,0.0,0.00%,0.0
9982,2020-02-13,NJ,0.0,0.0,0,0,0.0,0,0,0.0,0.0,0.00%,0.0
9984,2020-02-12,NJ,0.0,0.0,0,0,0.0,0,0,0.0,0.0,0.00%,0.0
9986,2020-02-11,NJ,0.0,0.0,0,0,0.0,0,0,0.0,0.0,0.00%,0.0
9988,2020-02-10,NJ,0.0,0.0,0,0,0.0,0,0,0.0,0.0,0.00%,0.0
